<beans xmlns="http://www.springframework.org/schema/beans"
	xmlns:xsi="http://www.w3.org/2001/XMLSchema-instance" 
	xmlns:p="http://www.springframework.org/schema/p"
	xmlns:tx="http://www.springframework.org/schema/tx"
	xmlns:context="http://www.springframework.org/schema/context"
	xsi:schemaLocation="http://www.springframework.org/schema/beans
        http://www.springframework.org/schema/beans/spring-beans.xsd
        http://www.springframework.org/schema/context
        http://www.springframework.org/schema/context/spring-context.xsd
        http://www.springframework.org/schema/tx
        http://www.springframework.org/schema/tx/spring-tx.xsd
        ">

	<!-- 读取dbcon.properties配置文件，并自动注入dataSource,注意：dbcon.properties的key部分必须是dataSource.XXX的格式。
	              还有一种更简单的方式就是使用标签  <context:property-override location=""/>
	 -->
	 <context:property-override location=""/>
	<bean
		class="org.springframework.beans.factory.config.PropertyOverrideConfigurer"
		p:location="classpath:hibernate.properties" />
    
     <!-- 数据库池bean -->
	<bean name="dataSource" class="com.mchange.v2.c3p0.ComboPooledDataSource" />
	
	<!--配置sessionFactory，其中包括3个属性的注入。 数据源：dataSource,持久化类的包级别扫描器:packageToScan,hibernate的一些属性配置：hibernateProperties  -->
	<bean name="sessionFactory"
		class="org.springframework.orm.hibernate4.LocalSessionFactoryBean"
		p:dataSource-ref="dataSource">
		<property name="packagesToScan">
			<list>
				<value>ssh.entity</value>
			</list>
		</property>
		<property name="hibernateProperties">
			<props>
				<prop key="hibernate.dialect">org.hibernate.dialect.MySQL5InnoDBDialect</prop>
				<prop key="hibernate.show_sql">true</prop>
				<prop key="hibernate.hbm2ddl.auto">update</prop>
			</props>
		</property>
	</bean>
	
	<!-- hibernate的事务管理bean -->
	<bean id="txManager"
		class="org.springframework.orm.hibernate4.HibernateTransactionManager">
		<property name="sessionFactory" ref="sessionFactory" />
	</bean>
	<!-- 使用注解进行事务管理 -->
	<tx:annotation-driven transaction-manager="txManager"/>
	<context:component-scan base-package="ssh.dao.imp"></context:component-scan>
</beans>