<?xml version="1.0" encoding="UTF-8" ?>
<!DOCTYPE struts PUBLIC
	"-//Apache Software Foundation//DTD Struts Configuration 2.3//EN"
	"http://struts.apache.org/dtds/struts-2.3.dtd">

<struts>

    <constant name="struts.devMode" value="true" />
   
    <package name="student" namespace="/student" extends="struts-default">
    
    <action name="*" class="ssh.action.StudentAction" method="{1}">
    <result  name="{1}">/WEB-INF/jsp/success.jsp</result>
    <result name="{1}Err" >/WEB-INF/jsp/failed.jsp</result>
    </action>
   
    
    </package>
    
    
 
</struts>
